Title,Author,Rating,Number of Ratings,Timestamp
"The Hunger Games (The Hunger Games, #1)",Suzanne Collins,4.34,8983388,2024-10-13 12:35:17
"Harry Potter and the Order of the Phoenix (Harry Potter, #5)",J.K. Rowling,4.50,3497223,2024-10-13 12:35:17
Pride and Prejudice,Jane Austen,4.29,4387150,2024-10-13 12:35:17
To Kill a Mockingbird,Harper Lee,4.26,6344025,2024-10-13 12:35:17
The Book Thief,Markus Zusak,4.39,2652989,2024-10-13 12:35:17
"Twilight (The Twilight Saga, #1)",Stephenie Meyer,3.66,6783248,2024-10-13 12:35:17
Animal Farm,George Orwell,3.99,4047066,2024-10-13 12:35:17
J.R.R. Tolkien 4-Book Boxed Set: The Hobbit and The Lord of the Rings,J.R.R. Tolkien,4.61,136641,2024-10-13 12:35:17
"The Chronicles of Narnia (The Chronicles of Narnia, #1-7)",C.S. Lewis,4.28,668767,2024-10-13 12:35:17
The Fault in Our Stars,John Green,4.13,5311290,2024-10-13 12:35:17
The Picture of Dorian Gray,Oscar Wilde,4.13,1620490,2024-10-13 12:35:17
The Giving Tree,Shel Silverstein,4.38,1158912,2024-10-13 12:35:17
Wuthering Heights,Emily Brontë,3.89,1869398,2024-10-13 12:35:17
Gone with the Wind,Margaret Mitchell,4.31,1234317,2024-10-13 12:35:17
The Perks of Being a Wallflower,Stephen Chbosky,4.23,1856183,2024-10-13 12:35:17
"The Lightning Thief (Percy Jackson and the Olympians, #1)",Rick Riordan,4.31,3149292,2024-10-13 12:35:17
Jane Eyre,Charlotte Brontë,4.15,2150013,2024-10-13 12:35:17
The Little Prince,Antoine de Saint-Exupéry,4.33,2193371,2024-10-13 12:35:17
The Great Gatsby,F. Scott Fitzgerald,3.93,5414301,2024-10-13 12:35:17
"The Da Vinci Code (Robert Langdon, #2)",Dan       Brown,3.92,2400167,2024-10-13 12:35:17
Crime and Punishment,Fyodor Dostoevsky,4.27,945498,2024-10-13 12:35:17
Alice’s Adventures in Wonderland / Through the Looking-Glass,Lewis Carroll,4.06,577307,2024-10-13 12:35:17
"Divergent (Divergent, #1)",Veronica Roth,4.14,4098695,2024-10-13 12:35:17
Memoirs of a Geisha,Arthur Golden,4.15,2034079,2024-10-13 12:35:17
Les Misérables,Victor Hugo,4.20,810080,2024-10-13 12:35:17
The Alchemist,Paulo Coelho,3.91,3194944,2024-10-13 12:35:17
Lord of the Flies,William Golding,3.70,2983906,2024-10-13 12:35:17
"Anne of Green Gables (Anne of Green Gables, #1)",L.M. Montgomery,4.32,1016773,2024-10-13 12:35:17
Romeo and Juliet,William Shakespeare,3.74,2663437,2024-10-13 12:35:17
"City of Bones (The Mortal Instruments, #1)",Cassandra Clare,4.07,2046993,2024-10-13 12:35:17
"The Hitchhiker’s Guide to the Galaxy (Hitchhiker's Guide to the Galaxy, #1)",Douglas Adams,4.23,1891594,2024-10-13 12:35:17
The Help,Kathryn Stockett,4.47,2843077,2024-10-13 12:35:17
Dracula,Bram Stoker,4.02,1317457,2024-10-13 12:35:17
Charlotte’s Web,E.B. White,4.20,1898780,2024-10-13 12:35:17
"Ender’s Game (Ender's Saga, #1)",Orson Scott Card,4.31,1404196,2024-10-13 12:35:17
Of Mice and Men,John Steinbeck,3.89,2622084,2024-10-13 12:35:17
Fahrenheit 451,Ray Bradbury,3.96,2518898,2024-10-13 12:35:17
The Catcher in the Rye,J.D. Salinger,3.80,3626043,2024-10-13 12:35:17
Brave New World,Aldous Huxley,3.99,1913907,2024-10-13 12:35:17
One Hundred Years of Solitude,Gabriel García Márquez,4.12,1003192,2024-10-13 12:35:17
A Thousand Splendid Suns,Khaled Hosseini,4.44,1587271,2024-10-13 12:35:17
The Princess Bride,William Goldman,4.27,914024,2024-10-13 12:35:17
The Time Traveler’s Wife,Audrey Niffenegger,really liked it 4.00,1810318,2024-10-13 12:35:17
The Secret Garden,Frances Hodgson Burnett,4.16,1209070,2024-10-13 12:35:17
The Outsiders,S.E. Hinton,4.13,1409575,2024-10-13 12:35:17
"A Game of Thrones (A Song of Ice and Fire, #1)",George R.R. Martin,4.44,2562408,2024-10-13 12:35:17
1984,George Orwell,4.19,4816476,2024-10-13 12:35:17
Little Women,Louisa May Alcott,4.16,2297762,2024-10-13 12:35:17
"A Wrinkle in Time (Time Quintet, #1)",Madeleine L'Engle,3.98,1225920,2024-10-13 12:35:17
"Harry Potter and the Deathly Hallows (Harry Potter, #7)",J.K. Rowling,4.62,3824848,2024-10-13 12:35:17
The Odyssey,Homer,3.81,1111262,2024-10-13 12:35:17
Frankenstein: The 1818 Text,Mary Wollstonecraft Shelley,3.88,1659378,2024-10-13 12:35:17
The Kite Runner,Khaled Hosseini,4.35,3239894,2024-10-13 12:35:17
"The Giver (The Giver, #1)",Lois Lowry,4.12,2573020,2024-10-13 12:35:17
"The Handmaid’s Tale (The Handmaid's Tale, #1)",Margaret Atwood,4.14,2131210,2024-10-13 12:35:17
Where the Wild Things Are,Maurice Sendak,4.25,1019918,2024-10-13 12:35:17
The Lovely Bones,Alice Sebold,3.86,2391409,2024-10-13 12:35:17
The Adventures of Huckleberry Finn,Mark Twain,3.83,1283314,2024-10-13 12:35:17
Green Eggs and Ham,Dr. Seuss,4.31,795935,2024-10-13 12:35:17
Life of Pi,Yann Martel,3.94,1661855,2024-10-13 12:35:17
"Dune (Dune, #1)",Frank Herbert,4.28,1454503,2024-10-13 12:35:17
"Harry Potter and the Prisoner of Azkaban (Harry Potter, #3)",J.K. Rowling,4.58,4368499,2024-10-13 12:35:17
A Tale of Two Cities,Charles Dickens,3.87,966483,2024-10-13 12:35:17
Lolita,Vladimir Nabokov,3.88,876205,2024-10-13 12:35:17
Slaughterhouse-Five,Kurt Vonnegut Jr.,4.10,1397843,2024-10-13 12:35:17
Water for Elephants,Sara Gruen,4.11,1643486,2024-10-13 12:35:17
The Bell Jar,Sylvia Plath,4.06,1035199,2024-10-13 12:35:17
Matilda,Roald Dahl,4.33,997149,2024-10-13 12:35:17
The Stand,Stephen        King,4.35,781150,2024-10-13 12:35:17
Catch-22,Joseph Heller,3.99,844201,2024-10-13 12:35:17
"The Adventures of Sherlock Holmes (Sherlock Holmes, #3)",Arthur Conan Doyle,4.30,310765,2024-10-13 12:35:17
"The Pillars of the Earth (Kingsbridge, #1)",Ken Follett,4.34,781332,2024-10-13 12:35:17
"Harry Potter and the Sorcerer's Stone (Harry Potter, #1)",J.K. Rowling,4.47,10428092,2024-10-13 12:35:17
"The Fellowship of the Ring (Middle Earth, #1)",J.R.R. Tolkien,4.39,2874025,2024-10-13 12:35:17
Rebecca,Daphne du Maurier,4.25,653118,2024-10-13 12:35:17
"Watership Down (Watership Down, #1)",Richard  Adams,4.09,488120,2024-10-13 12:35:17
Great Expectations,Charles Dickens,3.79,822633,2024-10-13 12:35:17
"Outlander (Outlander, #1)",Diana Gabaldon,4.26,1086551,2024-10-13 12:35:17
"The Girl with the Dragon Tattoo (Millennium, #1)",Stieg Larsson,4.17,3258036,2024-10-13 12:35:17
The Color Purple,Alice Walker,4.27,707410,2024-10-13 12:35:17
One Flew Over the Cuckoo’s Nest,Ken Kesey,4.20,746087,2024-10-13 12:35:17
Anna Karenina,Leo Tolstoy,4.09,870066,2024-10-13 12:35:17
My Sister’s Keeper,Jodi Picoult,4.10,1238481,2024-10-13 12:35:17
The Brothers Karamazov,Fyodor Dostoevsky,4.37,343261,2024-10-13 12:35:17
A Tree Grows in Brooklyn,Betty  Smith,4.30,478712,2024-10-13 12:35:17
And Then There Were None,Agatha Christie,4.28,1428034,2024-10-13 12:35:17
A Clockwork Orange,Anthony Burgess,really liked it 4.00,729339,2024-10-13 12:35:17
The Road,Cormac McCarthy,3.99,941103,2024-10-13 12:35:17
To Kill a Mockingbird,Harper Lee,4.26,6344025,2024-10-13 12:35:17
It,Stephen        King,4.24,1155895,2024-10-13 12:35:17
"The Golden Compass (His Dark Materials, #1)",Philip Pullman,4.02,1553238,2024-10-13 12:35:17
"The Shining (The Shining, #1)",Stephen        King,4.27,1548295,2024-10-13 12:35:17
"Vampire Academy (Vampire Academy, #1)",Richelle Mead,4.11,657483,2024-10-13 12:35:17
Siddhartha,Hermann Hesse,4.07,798135,2024-10-13 12:35:17
"Angela’s Ashes (Frank McCourt, #1)",Frank McCourt,4.15,638267,2024-10-13 12:35:17
The Complete Stories and Poems,Edgar Allan Poe,4.40,280209,2024-10-13 12:35:17
"Interview with the Vampire (The Vampire Chronicles, #1)",Anne Rice,4.02,607213,2024-10-13 12:35:17
Don Quixote,Miguel de Cervantes Saavedra,3.90,281155,2024-10-13 12:35:17
The Old Man and the Sea,Ernest Hemingway,3.80,1194589,2024-10-13 12:35:17
The Poisonwood Bible,Barbara Kingsolver,4.10,758201,2024-10-13 12:35:17
"Harry Potter and the Goblet of Fire (Harry Potter, #4)",J.K. Rowling,4.57,3836683,2024-10-13 12:35:23
Atlas Shrugged,Ayn Rand,3.69,394996,2024-10-13 12:35:23
"The Notebook (The Notebook, #1)",Nicholas Sparks,4.15,1738126,2024-10-13 12:35:23
"Winnie-the-Pooh (Winnie-the-Pooh, #1)",A.A. Milne,4.38,379165,2024-10-13 12:35:23
Fahrenheit 451,Ray Bradbury,3.96,2518898,2024-10-13 12:35:23
"Harry Potter and the Half-Blood Prince (Harry Potter, #6)",J.K. Rowling,4.58,3384317,2024-10-13 12:35:23
"Moby-Dick or, The Whale",Herman Melville,3.55,576578,2024-10-13 12:35:23
A Prayer for Owen Meany,John Irving,4.24,325672,2024-10-13 12:35:23
"Clockwork Angel (The Infernal Devices, #1)",Cassandra Clare,4.31,845585,2024-10-13 12:35:23
The Stranger,Albert Camus,4.03,1171233,2024-10-13 12:35:23
"Harry Potter and the Chamber of Secrets (Harry Potter, #2)",J.K. Rowling,4.43,4086380,2024-10-13 12:35:23
"Harry Potter and the Sorcerer’s Stone (Harry Potter, #1)",J.K. Rowling,4.47,10428092,2024-10-13 12:35:23
The Secret Life of Bees,Sue Monk Kidd,4.09,1311542,2024-10-13 12:35:23
The Red Tent,Anita Diamant,4.20,609018,2024-10-13 12:35:23
"The Name of the Wind (The Kingkiller Chronicle, #1)",Patrick Rothfuss,4.52,997158,2024-10-13 12:35:23
The Metamorphosis,Franz Kafka,3.88,1187518,2024-10-13 12:35:23
"The Hobbit (The Lord of the Rings, #0)",J.R.R. Tolkien,4.29,4140170,2024-10-13 12:35:23
The Master and Margarita,Mikhail Bulgakov,4.29,371583,2024-10-13 12:35:23
"Eragon (The Inheritance Cycle, #1)",Christopher Paolini,3.95,1825309,2024-10-13 12:35:23
The Count of Monte Cristo,Alexandre Dumas,4.31,941186,2024-10-13 12:35:23
Middlesex,Jeffrey Eugenides,4.03,647061,2024-10-13 12:35:23
Looking for Alaska,John Green,3.96,1648535,2024-10-13 12:35:23
"The Last Olympian (Percy Jackson and the Olympians, #5)",Rick Riordan,4.55,1051520,2024-10-13 12:35:23
The Very Hungry Caterpillar,Eric Carle,4.33,520717,2024-10-13 12:35:23
"Charlie and the Chocolate Factory (Charlie Bucket, #1)",Roald Dahl,4.16,871927,2024-10-13 12:35:23
The Adventures of Tom Sawyer,Mark Twain,3.92,958494,2024-10-13 12:35:23
The Curious Incident of the Dog in the Night-Time,Mark Haddon,3.89,1512561,2024-10-13 12:35:23
"The Lion, the Witch and the Wardrobe (Chronicles of Narnia, #1)",C.S. Lewis,4.24,2885768,2024-10-13 12:35:23
"The Shadow of the Wind (The Cemetery of Forgotten Books, #1)",Carlos Ruiz Zafón,4.30,659269,2024-10-13 12:35:23
Tuesdays with Morrie,Mitch Albom,4.18,1069803,2024-10-13 12:35:23
The Unbearable Lightness of Being,Milan Kundera,4.11,491733,2024-10-13 12:35:23
On the Road,Jack Kerouac,3.61,420995,2024-10-13 12:35:23
The Name of the Rose,Umberto Eco,4.14,373272,2024-10-13 12:35:23
"Holes (Holes, #1)",Louis Sachar,really liked it 4.00,1247258,2024-10-13 12:35:23
"The Godfather (The Godfather, #1)",Mario Puzo,4.39,432816,2024-10-13 12:35:23
Where the Red Fern Grows,Wilson Rawls,4.12,416450,2024-10-13 12:35:23
In Cold Blood,Truman Capote,4.09,679319,2024-10-13 12:35:23
Perfume: The Story of a Murderer,Patrick Süskind,4.04,492139,2024-10-13 12:35:23
The Scarlet Letter,Nathaniel Hawthorne,3.43,879848,2024-10-13 12:35:23
American Gods,Neil Gaiman,4.11,955473,2024-10-13 12:35:23
Fight Club,Chuck Palahniuk,4.18,607288,2024-10-13 12:35:23
A Story of Yesterday,Sergio Cobo,4.56,13481,2024-10-13 12:35:23
"Six of Crows (Six of Crows, #1)",Leigh Bardugo,4.48,1010685,2024-10-13 12:35:23
The Five People You Meet in Heaven,Mitch Albom,really liked it 4.00,740957,2024-10-13 12:35:23
The Divine Comedy,Dante Alighieri,4.08,158049,2024-10-13 12:35:23
"The Cat in the Hat (The Cat in the Hat, #1)",Dr. Seuss,4.19,553620,2024-10-13 12:35:23
Watchmen,Alan             Moore,4.38,568682,2024-10-13 12:35:23
All Quiet on the Western Front,Erich Maria Remarque,4.08,476034,2024-10-13 12:35:23
"Good Omens: The Nice and Accurate Prophecies of Agnes Nutter, Witch",Terry Pratchett,4.26,776677,2024-10-13 12:35:23
"The Little House Collection (Little House, #1-9)",Laura Ingalls Wilder,4.35,154462,2024-10-13 12:35:23
"Hush, Hush (Hush, Hush, #1)",Becca Fitzpatrick,3.92,717640,2024-10-13 12:35:23
"Lonesome Dove (Lonesome Dove, #1)",Larry McMurtry,4.54,202358,2024-10-13 12:35:23
Peter Pan,J.M. Barrie,4.04,354564,2024-10-13 12:35:23
"Catching Fire (The Hunger Games, #2)",Suzanne Collins,4.33,3719766,2024-10-13 12:35:23
Love in the Time of Cholera,Gabriel García Márquez,3.94,516036,2024-10-13 12:35:23
The Addiction Manifesto,Jerry Weaver,4.80,1188,2024-10-13 12:35:23
"Insurgent (Divergent, #2)",Veronica Roth,3.97,1538835,2024-10-13 12:35:23
"The Titan’s Curse (Percy Jackson and the Olympians, #3)",Rick Riordan,4.37,1109056,2024-10-13 12:35:23
"The Battle of the Labyrinth (Percy Jackson and the Olympians, #4)",Rick Riordan,4.42,1129450,2024-10-13 12:35:23
A Walk to Remember,Nicholas Sparks,4.20,819024,2024-10-13 12:35:23
The Thorn Birds,Colleen McCullough,4.25,354734,2024-10-13 12:35:23
"Clockwork Princess (The Infernal Devices, #3)",Cassandra Clare,4.56,455511,2024-10-13 12:35:23
How the Grinch Stole Christmas!,Dr. Seuss,4.38,422542,2024-10-13 12:35:23
"The Sea of Monsters (Percy Jackson and the Olympians, #2)",Rick Riordan,4.24,1233668,2024-10-13 12:35:23
The Compleat Works of Wllm Shkspr,Reduced Shakespeare Company,4.44,9505,2024-10-13 12:35:23
"Shadow Kiss (Vampire Academy, #3)",Richelle Mead,4.33,371170,2024-10-13 12:35:23
"The Ultimate Hitchhiker’s Guide to the Galaxy (Hitchhiker's Guide to the Galaxy, #1-5)",Douglas Adams,4.38,328054,2024-10-13 12:35:23
Their Eyes Were Watching God,Zora Neale Hurston,3.98,358131,2024-10-13 12:35:23
The Song of Achilles,Madeline Miller,4.32,1633544,2024-10-13 12:35:23
The Importance of Being Earnest,Oscar Wilde,4.17,379653,2024-10-13 12:35:23
"The Maze Runner (The Maze Runner, #1)",James Dashner,4.05,1572208,2024-10-13 12:35:23
Atonement,Ian McEwan,3.94,532319,2024-10-13 12:35:23
The Secret History,Donna Tartt,4.17,820935,2024-10-13 12:35:23
"The Wonderful Wizard of Oz (Oz, #1)",L. Frank Baum,really liked it 4.00,466477,2024-10-13 12:35:23
The Three Musketeers,Alexandre Dumas,4.09,332038,2024-10-13 12:35:23
"Eat, Pray, Love",Elizabeth Gilbert,3.63,1774723,2024-10-13 12:35:23
The Lorax,Dr. Seuss,4.35,350846,2024-10-13 12:35:23
"Throne of Glass (Throne of Glass, #1)",Sarah J. Maas,4.18,1765147,2024-10-13 12:35:23
Goodnight Moon,Margaret Wise Brown,4.31,380196,2024-10-13 12:35:23
The Haunting of Hill House,Shirley Jackson,3.82,325522,2024-10-13 12:35:23
A Midsummer Night’s Dream,William Shakespeare,3.94,551549,2024-10-13 12:35:23
"The Hunger Games Trilogy Boxset (The Hunger Games, #1-3)",Suzanne Collins,4.49,225324,2024-10-13 12:35:23
"A Court of Mist and Fury (A Court of Thorns and Roses, #2)",Sarah J. Maas,4.65,2347103,2024-10-13 12:35:23
"Frostbite (Vampire Academy, #2)",Richelle Mead,4.25,361156,2024-10-13 12:35:23
"Murder on the Orient Express (Hercule Poirot, #10)",Agatha Christie,4.20,653190,2024-10-13 12:35:23
Bridge to Terabithia,Katherine Paterson,4.05,559370,2024-10-13 12:35:23
Heart of Darkness,Joseph Conrad,3.43,524865,2024-10-13 12:35:23
Tess of the D’Urbervilles,Thomas Hardy,3.83,289688,2024-10-13 12:35:23
The Prophet,Kahlil Gibran,4.23,307347,2024-10-13 12:35:23
"Blood Promise (Vampire Academy, #4)",Richelle Mead,4.30,317915,2024-10-13 12:35:23
The Call of the Wild,Jack London,3.91,442134,2024-10-13 12:35:23
"The Selection (The Selection, #1)",Kiera Cass,4.08,1619080,2024-10-13 12:35:23
The Night Circus,Erin Morgenstern,4.01,1012939,2024-10-13 12:35:23
"The Good Earth (House of Earth, #1)",Pearl S. Buck,really liked it 4.00,253100,2024-10-13 12:35:23
Alice in Wonderland,Jane Carruth,4.03,392429,2024-10-13 12:35:23
The Joy Luck Club,Amy Tan,3.97,691433,2024-10-13 12:35:23
"The Silence of the Lambs  (Hannibal Lecter, #2)",Thomas  Harris,4.25,560271,2024-10-13 12:35:23
The Phantom Tollbooth,Norton Juster,4.20,293026,2024-10-13 12:35:23
"Oh, the Places You’ll Go!",Dr. Seuss,4.37,417281,2024-10-13 12:35:23
The Neverending Story,Michael Ende,4.18,207105,2024-10-13 12:35:23
Madame Bovary,Gustave Flaubert,3.70,345319,2024-10-13 12:35:30
The Diary of a Young Girl,Anne Frank,4.19,3855477,2024-10-13 12:35:30
"The Mists of Avalon (Avalon, #1)",Marion Zimmer Bradley,4.13,208670,2024-10-13 12:35:30
Oliver Twist,Charles Dickens,3.88,401562,2024-10-13 12:35:30
Treasure Island,Robert Louis Stevenson,3.85,506354,2024-10-13 12:35:30
Jonathan Livingston Seagull,Richard Bach,3.85,257600,2024-10-13 12:35:30
"The Girl Who Played with Fire (Millennium, #2)",Stieg Larsson,4.25,939496,2024-10-13 12:35:30
Ulysses,James Joyce,3.75,130714,2024-10-13 12:35:30
"A Storm of Swords (A Song of Ice and Fire, #3)",George R.R. Martin,4.54,803528,2024-10-13 12:35:30
"Fifty Shades of Grey (Fifty Shades, #1)",E.L. James,3.66,2692135,2024-10-13 12:35:30
The Boy in the Striped Pajamas,John Boyne,4.16,867487,2024-10-13 12:35:30
The Seven Husbands of Evelyn Hugo,Taylor Jenkins Reid,4.41,3351208,2024-10-13 12:35:30
"Jurassic Park (Jurassic Park, #1)",Michael Crichton,4.11,983702,2024-10-13 12:35:30
Beloved,Toni Morrison,3.96,450763,2024-10-13 12:35:30
Misery,Stephen        King,4.23,763166,2024-10-13 12:35:30
"The Clan of the Cave Bear (Earth's Children, #1)",Jean M. Auel,4.09,271863,2024-10-13 12:35:30
A Farewell to Arms,Ernest Hemingway,3.82,330424,2024-10-13 12:35:30
The Canterbury Tales,Geoffrey Chaucer,3.52,226691,2024-10-13 12:35:30
"The Lost Hero (The Heroes of Olympus, #1)",Rick Riordan,4.30,877676,2024-10-13 12:35:30
David Copperfield,Charles Dickens,4.03,244186,2024-10-13 12:35:30
The World According to Garp,John Irving,4.10,231789,2024-10-13 12:35:30
A Little Princess,Frances Hodgson Burnett,4.22,311627,2024-10-13 12:35:30
Thirteen Reasons Why,Jay Asher,3.84,989324,2024-10-13 12:35:30
The Chain Between Worlds (The Lost Artefacts #1),Johnathon Nicolaou,4.45,1357,2024-10-13 12:35:30
His Dark Materials (His Dark Materials #1-3),Philip Pullman,4.29,163833,2024-10-13 12:35:30
The Green Mile,Stephen        King,4.48,332036,2024-10-13 12:35:30
"Clockwork Prince (The Infernal Devices, #2)",Cassandra Clare,4.42,563285,2024-10-13 12:35:30
"Wicked: The Life and Times of the Wicked Witch of the West (The Wicked Years, #1)",Gregory Maguire,3.54,604487,2024-10-13 12:35:30
"Shōgun (Asian Saga, #1)",James Clavell,4.41,192511,2024-10-13 12:35:30
"Cinder (The Lunar Chronicles, #1)",Marissa Meyer,4.13,952647,2024-10-13 12:35:30
Schindler’s List,Thomas Keneally,4.34,161895,2024-10-13 12:35:30
The Silmarillion,J.R.R. Tolkien,4.01,304767,2024-10-13 12:35:30
The Iliad / The Odyssey,Homer,4.06,78173,2024-10-13 12:35:30
The Velveteen Rabbit,Margery Williams Bianco,4.31,262431,2024-10-13 12:35:30
Gone Girl,Gillian Flynn,4.14,3196308,2024-10-13 12:35:30
The Trial,Franz Kafka,3.95,345091,2024-10-13 12:35:30
Extremely Loud & Incredibly Close,Jonathan Safran Foer,3.97,426107,2024-10-13 12:35:30
"The Other Boleyn Girl (The Plantagenet and Tudor Novels, #9)",Philippa Gregory,4.08,502904,2024-10-13 12:35:30
"Howl’s Moving Castle (Howl’s Moving Castle, #1)",Diana Wynne Jones,4.29,383421,2024-10-13 12:35:30
"Fallen (Fallen, #1)",Lauren Kate,3.72,596016,2024-10-13 12:35:30
Man’s Search for Meaning,Viktor E. Frankl,4.37,755793,2024-10-13 12:35:30
The Sun Also Rises,Ernest Hemingway,3.79,457945,2024-10-13 12:35:30
"Last Sacrifice (Vampire Academy, #6)",Richelle Mead,4.37,291853,2024-10-13 12:35:30
A Confederacy of Dunces,John Kennedy Toole,3.89,281866,2024-10-13 12:35:30
The Secret Magdalene,Ki Longfellow,4.15,4637,2024-10-13 12:35:30
The Crucible,Arthur Miller,3.60,422903,2024-10-13 12:35:30
The Phantom of the Opera,Gaston Leroux,3.96,252007,2024-10-13 12:35:30
Cat’s Cradle,Kurt Vonnegut Jr.,4.15,412987,2024-10-13 12:35:30
The Screwtape Letters,C.S. Lewis,4.27,465504,2024-10-13 12:35:30
A Light in the Attic,Shel Silverstein,4.36,456480,2024-10-13 12:35:30
The Wind in the Willows,Kenneth Grahame,4.02,225652,2024-10-13 12:35:30
"City of Fallen Angels (The Mortal Instruments, #4)",Cassandra Clare,4.07,614205,2024-10-13 12:35:30
"Spirit Bound (Vampire Academy, #5)",Richelle Mead,4.32,299177,2024-10-13 12:35:30
"Mockingjay (The Hunger Games, #3)",Suzanne Collins,4.09,3346324,2024-10-13 12:35:30
Blindness,José Saramago,4.17,302934,2024-10-13 12:35:30
The God of Small Things,Arundhati Roy,3.96,305777,2024-10-13 12:35:30
The Hiding Place: The Triumphant True Story of Corrie Ten Boom,Corrie ten Boom,4.47,333490,2024-10-13 12:35:30
"Ella Enchanted (Ella Enchanted, #1)",Gail Carson Levine,4.01,416807,2024-10-13 12:35:30
"A Clash of Kings  (A Song of Ice and Fire, #2)",George R.R. Martin,4.42,961807,2024-10-13 12:35:30
Girl with a Pearl Earring,Tracy Chevalier,3.93,748852,2024-10-13 12:35:30
"The Lord of the Rings (Middle Earth, #2-4)",J.R.R. Tolkien,4.53,691070,2024-10-13 12:35:30
"Uglies (Uglies, #1)",Scott Westerfeld,3.85,679871,2024-10-13 12:35:30
The Wind-Up Bird Chronicle,Haruki Murakami,4.15,292948,2024-10-13 12:35:30
Marley and Me: Life and Love With the World’s Worst Dog,John Grogan,4.14,472746,2024-10-13 12:35:30
The House of the Spirits,Isabel Allende,4.28,282331,2024-10-13 12:35:30
"Crooked Kingdom (Six of Crows, #2)",Leigh Bardugo,4.59,680159,2024-10-13 12:35:30
The Guernsey Literary and Potato Peel Pie Society,Mary Ann Shaffer,4.19,769770,2024-10-13 12:35:30
She’s Come Undone,Wally Lamb,3.91,351074,2024-10-13 12:35:30
"Shiver (The Wolves of Mercy Falls, #1)",Maggie Stiefvater,3.76,486339,2024-10-13 12:35:30
Norwegian Wood,Haruki Murakami,4.01,639575,2024-10-13 12:35:30
Speak,Laurie Halse Anderson,4.05,604927,2024-10-13 12:35:30
"Marked (House of Night, #1)",P.C. Cast,3.81,505209,2024-10-13 12:35:30
The Shack: Where Tragedy Confronts Eternity,William Paul Young,3.83,661906,2024-10-13 12:35:30
Fear and Loathing in Las Vegas,Hunter S. Thompson,4.07,357441,2024-10-13 12:35:30
The Sound and the Fury,William Faulkner,3.86,185939,2024-10-13 12:35:30
"The Way of Kings (The Stormlight Archive, #1)",Brandon Sanderson,4.66,538377,2024-10-13 12:35:30
The Complete Calvin and Hobbes,Bill Watterson,4.81,40889,2024-10-13 12:35:30
For Whom the Bell Tolls,Ernest Hemingway,3.98,300363,2024-10-13 12:35:30
Kafka on the Shore,Haruki Murakami,4.13,492720,2024-10-13 12:35:30
Island of the Blue Dolphins,Scott O'Dell,3.87,338183,2024-10-13 12:35:30
Paper Towns,John Green,3.71,1404718,2024-10-13 12:35:30
Roots: The Saga of an American Family,Alex Haley,4.44,161172,2024-10-13 12:35:30
The Complete Sherlock Holmes,Arthur Conan Doyle,4.50,209638,2024-10-13 12:35:30
Stranger in a Strange Land,Robert A. Heinlein,3.92,316927,2024-10-13 12:35:30
Othello,William Shakespeare,3.89,403625,2024-10-13 12:35:30
Into the Wild,Jon Krakauer,4.01,1117364,2024-10-13 12:35:30
"Inkheart (Inkworld, #1)",Cornelia Funke,3.92,430465,2024-10-13 12:35:30
Invisible Man,Ralph Ellison,3.91,192208,2024-10-13 12:35:30
The Idiot,Fyodor Dostoevsky,4.21,191464,2024-10-13 12:35:30
"Neverwhere (London Below, #1)",Neil Gaiman,4.17,543410,2024-10-13 12:35:30
"The Girl Who Kicked the Hornet’s Nest (Millennium, #3)",Stieg Larsson,4.24,747752,2024-10-13 12:35:30
"The Vampire Lestat (The Vampire Chronicles, #2)",Anne Rice,4.10,205657,2024-10-13 12:35:30
"Delirium (Delirium, #1)",Lauren Oliver,3.95,471159,2024-10-13 12:35:30
King Lear,William Shakespeare,3.91,224295,2024-10-13 12:35:30
The Things They Carried,Tim O'Brien,4.14,323434,2024-10-13 12:35:30
"Beautiful Disaster (Beautiful, #1)",Jamie McGuire,4.01,695661,2024-10-13 12:35:30
White Oleander,Janet Fitch,really liked it 4.00,357936,2024-10-13 12:35:30
Uncle Tom’s Cabin,Harriet Beecher Stowe,3.91,231721,2024-10-13 12:35:30
Blood River: A Journey to Africa’s Broken Heart,Tim Butcher,3.98,11576,2024-10-13 12:35:30
Never Let Me Go,Kazuo Ishiguro,3.85,737932,2024-10-13 12:35:30
Different Seasons,Stephen        King,4.35,209894,2024-10-13 12:35:36
"Wonder (Wonder, #1)",R.J. Palacio,4.37,1119460,2024-10-13 12:35:36
"Foundation (Foundation, #1)",Isaac Asimov,4.17,555438,2024-10-13 12:35:36
Midnight Sun [2008 Draft],Stephenie Meyer,4.01,148893,2024-10-13 12:35:36
"All Creatures Great and Small (All Creatures Great and Small, #1-2)",James Herriot,4.35,149973,2024-10-13 12:35:36
"Shatter Me (Shatter Me, #1)",Tahereh Mafi,3.85,985564,2024-10-13 12:35:36
The Once and Future King,T.H. White,4.07,114182,2024-10-13 12:35:36
"Ready Player One (Ready Player One, #1)",Ernest Cline,4.23,1208176,2024-10-13 12:35:36
I Know This Much Is True,Wally Lamb,4.21,315687,2024-10-13 12:35:36
The Historian,Elizabeth Kostova,3.80,269060,2024-10-13 12:35:36
James and the Giant Peach,Roald Dahl,4.03,485880,2024-10-13 12:35:36
The Time Machine,H.G. Wells,3.89,532283,2024-10-13 12:35:36
Flow Down Like Silver,Ki Longfellow,4.01,4508,2024-10-13 12:35:36
Candide,Voltaire,3.76,283219,2024-10-13 12:35:36
Paradise Lost,John Milton,3.85,170154,2024-10-13 12:35:36
"Lamb: The Gospel According to Biff, Christ’s Childhood Pal",Christopher Moore,4.23,176324,2024-10-13 12:35:36
The Complete Works,William Shakespeare,4.48,57211,2024-10-13 12:35:36
"The Son of Neptune (The Heroes of Olympus, #2)",Rick Riordan,4.41,617020,2024-10-13 12:35:36
"The Mark of Athena (The Heroes of Olympus, #3)",Rick Riordan,4.47,626283,2024-10-13 12:35:36
The Thirteenth Tale,Diane Setterfield,3.98,317666,2024-10-13 12:35:36
Heidi,Johanna Spyri,4.03,203367,2024-10-13 12:35:36
"The Wise Man’s Fear (The Kingkiller Chronicle, #2)",Patrick Rothfuss,4.55,575675,2024-10-13 12:35:36
"The Final Empire (Mistborn, #1)",Brandon Sanderson,4.48,757316,2024-10-13 12:35:36
Leaves of Grass,Walt Whitman,4.12,110287,2024-10-13 12:35:36
"Me Before You (Me Before You, #1)",Jojo Moyes,4.26,1684484,2024-10-13 12:35:36
East of Eden,John Steinbeck,4.42,560633,2024-10-13 12:35:36
"City of Lost Souls (The Mortal Instruments, #5)",Cassandra Clare,4.21,543121,2024-10-13 12:35:36
"A Court of Thorns and Roses (A Court of Thorns and Roses, #1)",Sarah J. Maas,4.18,3088635,2024-10-13 12:35:36
"Graceling (Graceling Realm, #1)",Kristin Cashore,4.07,468630,2024-10-13 12:35:36
"Are You There God? It’s Me, Margaret",Judy Blume,3.94,245316,2024-10-13 12:35:36
’Salem’s Lot,Stephen        King,4.10,595677,2024-10-13 12:35:36
The Cider House Rules,John Irving,4.16,188433,2024-10-13 12:35:36
The Martian,Andy Weir,4.42,1165198,2024-10-13 12:35:36
"The Cruel Prince (The Folk of the Air, #1)",Holly Black,4.03,1384076,2024-10-13 12:35:36
Fangirl,Rainbow Rowell,3.95,758200,2024-10-13 12:35:36
Walden,Henry David Thoreau,3.78,193489,2024-10-13 12:35:36
Hamlet,William Shakespeare,4.02,981009,2024-10-13 12:35:36
"Legend (Legend, #1)",Marie Lu,4.15,540660,2024-10-13 12:35:36
Mrs. Dalloway,Virginia Woolf,3.79,318940,2024-10-13 12:35:36
All the Light We Cannot See,Anthony Doerr,4.31,1761101,2024-10-13 12:35:36
Sophie’s World,Jostein Gaarder,3.96,265781,2024-10-13 12:35:36
Fried Green Tomatoes at the Whistle Stop Cafe,Fannie Flagg,4.28,313159,2024-10-13 12:35:36
"The Hound of the Baskervilles (Sherlock Holmes, #5)",Arthur Conan Doyle,4.13,357432,2024-10-13 12:35:36
The Awakening,Kate Chopin,3.68,214002,2024-10-13 12:35:36
The Complete Maus,Art Spiegelman,4.58,229722,2024-10-13 12:35:36
The Elephant Tree,R.D. Ronald,3.73,28473,2024-10-13 12:35:36
The Graveyard Book,Neil Gaiman,4.16,550607,2024-10-13 12:35:36
Do Androids Dream of Electric Sheep?,Philip K. Dick,4.09,468244,2024-10-13 12:35:36
Middlemarch,George Eliot,4.02,167530,2024-10-13 12:35:36
"Fifty Shades Darker (Fifty Shades, #2)",E.L. James,3.83,932524,2024-10-13 12:35:36
Sophie’s Choice,William Styron,4.17,92179,2024-10-13 12:35:36
Stardust,Neil Gaiman,4.10,467249,2024-10-13 12:35:36
The Zombie Room,R.D. Ronald,3.78,29746,2024-10-13 12:35:36
The Monster at the End of this Book,Jon Stone,4.46,125771,2024-10-13 12:35:36
The Prince of Tides,Pat Conroy,4.25,211132,2024-10-13 12:35:36
"Things Fall Apart (The African Trilogy, #1)",Chinua Achebe,3.74,383573,2024-10-13 12:35:36
Black Beauty,Anna Sewell,3.99,284646,2024-10-13 12:35:36
"Dead Until Dark (Sookie Stackhouse, #1)",Charlaine Harris,3.97,547613,2024-10-13 12:35:36
"A Time to Kill (Jake Brigance, #1)",John Grisham,4.12,809127,2024-10-13 12:35:36
Number the Stars,Lois Lowry,4.19,583075,2024-10-13 12:35:36
"Bridget Jones’s Diary (Bridget Jones, #1)",Helen Fielding,3.80,994869,2024-10-13 12:35:36
Eleanor & Park,Rainbow Rowell,3.94,1199344,2024-10-13 12:35:36
"Aristotle and Dante Discover the Secrets of the Universe (Aristotle and Dante, #1)",Benjamin Alire Sáenz,4.30,629025,2024-10-13 12:35:36
V for Vendetta,Alan             Moore,4.26,313136,2024-10-13 12:35:36
"The Magician’s Nephew (Chronicles of Narnia, #6)",C.S. Lewis,4.05,559072,2024-10-13 12:35:36
The Art of Racing in the Rain,Garth Stein,4.23,530705,2024-10-13 12:35:36
Franny and Zooey,J.D. Salinger,3.96,227623,2024-10-13 12:35:36
The Witches,Roald Dahl,4.18,405781,2024-10-13 12:35:36
American Psycho,Bret Easton Ellis,3.81,327547,2024-10-13 12:35:36
Beowulf,Unknown,3.49,323636,2024-10-13 12:35:36
"The Gunslinger (The Dark Tower, #1)",Stephen        King,3.92,626311,2024-10-13 12:35:36
White Fang,Jack London,4.02,194485,2024-10-13 12:35:36
A Short History of Nearly Everything,Bill Bryson,4.22,396403,2024-10-13 12:35:36
Love You Forever,Robert Munsch,4.37,240576,2024-10-13 12:35:36
"Allegiant (Divergent, #3)",Veronica Roth,3.60,1081665,2024-10-13 12:35:36
War and Peace,Leo Tolstoy,4.16,338581,2024-10-13 12:35:36
"The Power of One (The Power of One, #1)",Bryce Courtenay,4.35,90513,2024-10-13 12:35:36
"If I Stay (If I Stay, #1)",Gayle Forman,3.92,927394,2024-10-13 12:35:36
"Harry Potter Series Box Set (Harry Potter, #1-7)",J.K. Rowling,4.74,292357,2024-10-13 12:35:36
The Complete Novels,Jane Austen,4.57,33530,2024-10-13 12:35:36
Gulliver’s Travels,Jonathan Swift,3.58,280733,2024-10-13 12:35:36
"The Eye of the World (The Wheel of Time, #1)",Robert Jordan,4.19,546884,2024-10-13 12:35:36
"Ignite Me (Shatter Me, #3)",Tahereh Mafi,4.46,535666,2024-10-13 12:35:36
A Portrait of the Artist as a Young Man,James Joyce,3.64,155453,2024-10-13 12:35:36
Tuck Everlasting,Natalie Babbitt,3.90,280557,2024-10-13 12:35:36
"Fifty Shades Freed (Fifty Shades, #3)",E.L. James,3.83,876251,2024-10-13 12:35:36
It Ends with Us (It Ends with Us #1),Colleen Hoover,4.14,3879538,2024-10-13 12:35:36
11/22/63,Stephen        King,4.34,566623,2024-10-13 12:35:36
"The House of Hades (The Heroes of Olympus, #4)",Rick Riordan,4.57,437684,2024-10-13 12:35:36
"A Child Called ""It"" (Dave Pelzer, #1)",Dave Pelzer,4.13,442653,2024-10-13 12:35:36
Bel Canto,Ann Patchett,3.93,294379,2024-10-13 12:35:36
Dr. Jekyll and Mr. Hyde,Robert Louis Stevenson,3.83,605678,2024-10-13 12:35:36
"A Good Girl's Guide to Murder (A Good Girl's Guide to Murder, #1)",Holly  Jackson,4.31,1325281,2024-10-13 12:35:36
القرآن الكريم,Anonymous,4.38,69337,2024-10-13 12:35:36
The Martian Chronicles,Ray Bradbury,4.15,269074,2024-10-13 12:35:36
Go Ask Alice,Beatrice Sparks,3.74,280510,2024-10-13 12:35:36
The Tell-Tale Heart and Other Writings,Edgar Allan Poe,4.19,241535,2024-10-13 12:35:36
A Little Life,Hanya Yanagihara,4.32,721076,2024-10-13 12:35:36
Cold Mountain,Charles Frazier,3.89,245168,2024-10-13 12:35:36
Inferno,Dante Alighieri,4.02,188417,2024-10-13 12:35:36
As I Lay Dying,William Faulkner,3.72,173580,2024-10-13 12:35:41
Cloud Atlas,David Mitchell,4.01,254266,2024-10-13 12:35:41
The Grapes of Wrath,John Steinbeck,4.01,930345,2024-10-13 12:35:41
Tao Te Ching,Lao Tzu,4.30,163183,2024-10-13 12:35:41
"Dark Lover (Black Dagger Brotherhood, #1)",J.R. Ward,4.16,341385,2024-10-13 12:35:41
"Eldest (The Inheritance Cycle, #2)",Christopher Paolini,4.04,459560,2024-10-13 12:35:41
Mansfield Park,Jane Austen,3.86,358059,2024-10-13 12:35:41
"Heir of Fire (Throne of Glass, #3)",Sarah J. Maas,4.46,1087366,2024-10-13 12:35:41
Steppenwolf,Hermann Hesse,4.13,193296,2024-10-13 12:35:41
The Hunchback of Notre-Dame,Victor Hugo,4.02,205894,2024-10-13 12:35:41
"Beautiful Creatures (Caster Chronicles, #1)",Kami Garcia,3.77,607015,2024-10-13 12:35:41
A Separate Peace,John Knowles,3.60,223566,2024-10-13 12:35:41
"Brisingr (The Inheritance Cycle, #3)",Christopher Paolini,4.10,387383,2024-10-13 12:35:41
The BFG,Roald Dahl,4.23,495374,2024-10-13 12:35:41
"Obsidian (Lux, #1)",Jennifer L. Armentrout,4.14,287090,2024-10-13 12:35:41
Robinson Crusoe,Daniel Defoe,3.68,311751,2024-10-13 12:35:41
"Stargirl (Stargirl, #1)",Jerry Spinelli,3.77,330179,2024-10-13 12:35:41
The Amazing Adventures of Kavalier & Clay,Michael Chabon,4.18,205683,2024-10-13 12:35:41
Room,Emma Donoghue,4.08,814290,2024-10-13 12:35:41
زندگی مه آلود پریا,سید مرتضی مصطفوی,3.33,1022,2024-10-13 12:35:41
"The Amber Spyglass (His Dark Materials, #3)",Philip Pullman,4.10,366942,2024-10-13 12:35:41
The Remains of the Day,Kazuo Ishiguro,4.14,318939,2024-10-13 12:35:41
"Zen and the Art of Motorcycle Maintenance: An Inquiry Into Values (Phaedrus, #1)",Robert M. Pirsig,3.78,234697,2024-10-13 12:35:41
"Red Queen (Red Queen, #1)",Victoria Aveyard,really liked it 4.00,1061250,2024-10-13 12:35:41
The Plague,Albert Camus,4.02,276850,2024-10-13 12:35:41
Dear John,Nicholas Sparks,4.04,605215,2024-10-13 12:35:41
Coraline,Neil Gaiman,4.12,723509,2024-10-13 12:35:41
"Miss Peregrine's Home for Peculiar Children (Miss Peregrine's Peculiar Children, #1)",Ransom Riggs,3.92,1292855,2024-10-13 12:35:41
"City of Heavenly Fire (The Mortal Instruments, #6)",Cassandra Clare,4.39,394407,2024-10-13 12:35:41
The English Patient,Michael Ondaatje,3.86,134405,2024-10-13 12:35:41
Doctor Zhivago,Boris Pasternak,4.01,98426,2024-10-13 12:35:41
The Firm,Robin Waterfield,4.06,630874,2024-10-13 12:35:41
The Last Song,Nicholas Sparks,4.16,560594,2024-10-13 12:35:41
Midnight’s Children,Salman Rushdie,3.98,126839,2024-10-13 12:35:41
"Flowers in the Attic (Dollanganger, #1)",V.C. Andrews,3.85,221480,2024-10-13 12:35:41
Hidden Pictures,Jason Rekulak,4.16,352676,2024-10-13 12:35:41
"Crescendo (Hush, Hush, #2)",Becca Fitzpatrick,3.98,328076,2024-10-13 12:35:41
"Blood Meridian, or, the Evening Redness in the West",Cormac McCarthy,4.16,178974,2024-10-13 12:35:41
Like Water for Chocolate,Laura Esquivel,3.95,373177,2024-10-13 12:35:41
"Dragonfly in Amber (Outlander, #2)",Diana Gabaldon,4.34,365547,2024-10-13 12:35:41
All the Bright Places,Jennifer Niven,4.12,586519,2024-10-13 12:35:41
Where the Crawdads Sing,Delia Owens,4.38,3191503,2024-10-13 12:35:41
My Ántonia,Willa Cather,3.83,140763,2024-10-13 12:35:41
Midnight in the Garden of Good and Evil,John Berendt,3.92,278745,2024-10-13 12:35:41
"Crown of Midnight (Throne of Glass, #2)",Sarah J. Maas,4.35,1242577,2024-10-13 12:35:41
Breakfast of Champions,Kurt Vonnegut Jr.,4.07,266042,2024-10-13 12:35:41
The Origin of Species,Charles Darwin,4.01,116566,2024-10-13 12:35:41
A Streetcar Named Desire,Tennessee Williams,3.98,317569,2024-10-13 12:35:41
Breakfast at Tiffany’s and Three Stories,Truman Capote,3.85,246131,2024-10-13 12:35:41
Circe,Madeline Miller,4.23,1144142,2024-10-13 12:35:41
"The One (The Selection, #3)",Kiera Cass,4.15,716687,2024-10-13 12:35:41
The Prince,Niccolò Machiavelli,3.84,349389,2024-10-13 12:35:41
A Fine Balance,Rohinton Mistry,4.37,152474,2024-10-13 12:35:41
"The Subtle Knife (His Dark Materials, #2)",Philip Pullman,4.15,442868,2024-10-13 12:35:41
"Daughter of Smoke & Bone (Daughter of Smoke & Bone, #1)",Laini Taylor,3.99,375095,2024-10-13 12:35:41
"Hopeless (Hopeless, #1)",Colleen Hoover,4.24,613118,2024-10-13 12:35:41
The Virgin Suicides,Jeffrey Eugenides,3.79,362733,2024-10-13 12:35:41
Carrie,Stephen        King,3.99,756886,2024-10-13 12:35:41
Infinite Jest,David Foster Wallace,4.25,94561,2024-10-13 12:35:41
Local Woman Missing,Mary Kubica,4.14,553359,2024-10-13 12:35:41
Death of a Salesman,Arthur Miller,3.58,241410,2024-10-13 12:35:41
"Unbroken: A World War II Story of Survival, Resilience and Redemption",Laura Hillenbrand,4.38,959953,2024-10-13 12:35:41
"Pippi Longstocking (Pippi Långstrump, #1)",Astrid Lindgren,4.15,202675,2024-10-13 12:35:41
"Evermore (The Immortals, #1)",Alyson Noel,3.59,293626,2024-10-13 12:35:41
"A Feast for Crows (A Song of Ice and Fire, #4)",George R.R. Martin,4.16,749500,2024-10-13 12:35:41
"I Know Why the Caged Bird Sings (Maya Angelou's Autobiography, #1)",Maya Angelou,4.29,544752,2024-10-13 12:35:41
"Queen of Shadows (Throne of Glass, #4)",Sarah J. Maas,4.61,967771,2024-10-13 12:35:41
Jonathan Strange & Mr Norrell,Susanna Clarke,3.86,241394,2024-10-13 12:35:41
The Scarlet Pimpernel,Emmuska Orczy,4.07,137324,2024-10-13 12:35:41
"The Host (The Host, #1)",Stephenie Meyer,3.86,1020735,2024-10-13 12:35:41
Snow Flower and the Secret Fan,Lisa See,4.09,376940,2024-10-13 12:35:41
"Artemis Fowl (Artemis Fowl, #1)",Eoin Colfer,3.86,551952,2024-10-13 12:35:41
"Anna and the French Kiss (Anna and the French Kiss, #1)",Stephanie Perkins,3.97,456963,2024-10-13 12:35:41
"The Devil in the White City: Murder, Magic, and Madness at the Fair That Changed America",Erik Larson,really liked it 4.00,704255,2024-10-13 12:35:41
Pet Sematary,Stephen        King,4.07,621078,2024-10-13 12:35:41
We Were Liars,E. Lockhart,3.66,1199521,2024-10-13 12:35:41
"The Angel Experiment (Maximum Ride, #1)",James Patterson,4.07,227320,2024-10-13 12:35:41
Sharp Objects,Gillian Flynn,4.02,1099596,2024-10-13 12:35:41
"Matched (Matched, #1)",Ally Condie,3.62,793303,2024-10-13 12:35:41
"The Raven Boys (The Raven Cycle, #1)",Maggie Stiefvater,4.05,379405,2024-10-13 12:35:41
"The Hate U Give (The Hate U Give, #1)",Angie Thomas,4.47,935235,2024-10-13 12:35:41
The Invisible Life of Addie LaRue,Victoria Schwab,4.18,1183182,2024-10-13 12:35:41
"Faust, First Part",Johann Wolfgang von Goethe,3.87,128210,2024-10-13 12:35:41
High Fidelity,Nick Hornby,3.91,206039,2024-10-13 12:35:41
"The Tales of Beedle the Bard (Hogwarts Library, #3)",J.K. Rowling,4.04,495705,2024-10-13 12:35:41
"Red, White & Royal Blue",Casey McQuiston,4.08,1073436,2024-10-13 12:35:41
Northanger Abbey,Jane Austen,3.85,414316,2024-10-13 12:35:41
Persuasion,Jane Austen,4.15,721739,2024-10-13 12:35:41
The Shipping News,Annie Proulx,3.88,147937,2024-10-13 12:35:41
Waiting for Godot,Samuel Beckett,3.84,207425,2024-10-13 12:35:41
"The Chosen (Reuven Malther, #1)",Chaim Potok,4.07,94677,2024-10-13 12:35:41
Shantaram,Gregory David Roberts,4.27,222911,2024-10-13 12:35:41
"Fourth Wing (The Empyrean, #1)",Rebecca Yarros,4.57,2066156,2024-10-13 12:35:41
Houdini Heart,Ki Longfellow,3.84,5483,2024-10-13 12:35:41
Nineteen Minutes,Jodi Picoult,4.17,382976,2024-10-13 12:35:41
To the Lighthouse,Virginia Woolf,3.80,191775,2024-10-13 12:35:41
"The Voyage of the Dawn Treader (Chronicles of Narnia, #3)",C.S. Lewis,4.09,480573,2024-10-13 12:35:41
The Reader,Bernhard Schlink,3.78,216812,2024-10-13 12:35:41
Redeeming Love,Francine Rivers,4.51,336043,2024-10-13 12:35:41
"Neuromancer (Sprawl, #1)",William Gibson,3.89,337331,2024-10-13 12:35:41
